first_name,last_name,email
Nanete,Attawell,nattawell0@drupal.org
Fayette,Andryushchenko,fandryushchenko1@marriott.com
Penn,Rottgers,prottgers2@moonfruit.com
Kellsie,Oke,koke3@usnews.com
Ciel,Bengall,cbengall4@mail.ru
Rutledge,Kezourec,rkezourec5@hatena.ne.jp
Alleyn,Medling,amedling6@unc.edu
Deanna,McPheat,dmcpheat7@wordpress.com
Marietta,Titford,mtitford8@squarespace.com
Johnathon,Scroyton,jscroyton9@samsung.com
Etheline,Denness,edennessa@hugedomains.com
Hurlee,Withur,hwithurb@icio.us
Glyn,Ault,gaultc@virginia.edu
Constantine,Forge,cforged@g.co
Gavra,But,gbute@discovery.com
Anette,Martineau,amartineauf@a8.net
Nelia,Vazquez,nvazquezg@statcounter.com
Dael,Geke,dgekeh@gnu.org
Karly,Radnage,kradnagei@bandcamp.com
Euphemia,Batt,ebattj@blogger.com
Matilde,Doorly,mdoorlyk@is.gd
Bliss,Ungerecht,bungerechtl@businessinsider.com
Miguel,Guisby,mguisbym@moonfruit.com
Sacha,McNulty,smcnultyn@networkadvertising.org
Jennica,Letherbury,jletherburyo@hud.gov
Wylie,Jackalin,wjackalinp@elpais.com
Caitlin,Willshee,cwillsheeq@msu.edu
Sapphira,Fromant,sfromantr@latimes.com
Myrtie,Filipczak,mfilipczaks@jiathis.com
Breanne,Orringe,borringet@europa.eu
Ardene,Jerisch,ajerischu@wisc.edu
Tremayne,Kramer,tkramerv@gizmodo.com
Terrel,Meggison,tmeggisonw@cdc.gov
Micky,Mayo,mmayox@craigslist.org
Breena,Hanning,bhanningy@seesaa.net
Milka,Lackham,mlackhamz@businesswire.com
Phillipp,Nason,pnason10@trellian.com
Iver,Piggen,ipiggen11@mit.edu
Killy,Tydd,ktydd12@noaa.gov
Judon,Bramham,jbramham13@uiuc.edu
Beauregard,Dunkley,bdunkley14@fda.gov
Freeman,Ashborne,fashborne15@toplist.cz
Hillery,Danes,hdanes16@ehow.com
Sidnee,Lalonde,slalonde17@webnode.com
Ximenes,Wincer,xwincer18@360.cn
Coop,Loudyan,cloudyan19@mail.ru
Rycca,Geistbeck,rgeistbeck1a@cornell.edu
Clay,Walthew,cwalthew1b@friendfeed.com
Hazlett,Heamus,hheamus1c@fotki.com
Rollo,Tiddy,rtiddy1d@soup.io
Nicolea,Noulton,nnoulton1e@toplist.cz
Dame,McRannell,dmcrannell1f@ezinearticles.com
Jenelle,Braycotton,jbraycotton1g@mysql.com
Rowe,Cogley,rcogley1h@wsj.com
Artemis,Dunlap,adunlap1i@cnet.com
Harriot,McCuish,hmccuish1j@ocn.ne.jp
Hannah,Roumier,hroumier1k@dropbox.com
Gabbie,Eltringham,geltringham1l@liveinternet.ru
Lissie,Reicharz,lreicharz1m@fastcompany.com
Von,Templeton,vtempleton1n@e-recht24.de
Lisa,Osgodby,losgodby1o@chronoengine.com
Agneta,Godson,agodson1p@independent.co.uk
Roana,Tassell,rtassell1q@harvard.edu
Joseito,Lithcow,jlithcow1r@time.com
Morten,Fursse,mfursse1s@livejournal.com
Katuscha,Beeton,kbeeton1t@barnesandnoble.com
Reamonn,Balazin,rbalazin1u@pen.io
Sigrid,Scannell,sscannell1v@samsung.com
Iain,Ovey,iovey1w@google.fr
Shelton,Valerius,svalerius1x@hexun.com
Bobbe,Jay,bjay1y@e-recht24.de
Granger,Gockelen,ggockelen1z@uiuc.edu
Ogden,Dickon,odickon20@ocn.ne.jp
Katharine,De Mitris,kdemitris21@symantec.com
Alvera,Daines,adaines22@cdc.gov
Nikos,Pitkethly,npitkethly23@desdev.cn
Sara,Crooke,scrooke24@bandcamp.com
Eachelle,Fereday,efereday25@xing.com
Twila,Ferrulli,tferrulli26@japanpost.jp
Quinlan,Tirone,qtirone27@trellian.com
Tades,Littleton,tlittleton28@icio.us
Kalindi,Castelin,kcastelin29@nature.com
Danielle,Ilieve,dilieve2a@accuweather.com
Duffy,Simson,dsimson2b@whitehouse.gov
Aili,Sherwin,asherwin2c@wikispaces.com
Kelsey,Sarfass,ksarfass2d@usda.gov
Cindra,Hurle,churle2e@prlog.org
Gusty,Elsley,gelsley2f@wisc.edu
Alanson,Garz,agarz2g@cafepress.com
Anastasie,Sharpus,asharpus2h@comcast.net
Rocky,Kerrane,rkerrane2i@discovery.com
Derwin,Karlsson,dkarlsson2j@ibm.com
Cherida,Gascar,cgascar2k@cnet.com
Bryon,Dowdam,bdowdam2l@fda.gov
Melisandra,Spohrmann,mspohrmann2m@foxnews.com
Katrina,Marr,kmarr2n@stanford.edu
Julianne,Farren,jfarren2o@disqus.com
Waring,Muffitt,wmuffitt2p@stumbleupon.com
Aleece,Daglish,adaglish2q@dagondesign.com
Joleen,Stavers,jstavers2r@surveymonkey.com
